代码	英文名	中文名
ABIGAIL	Abigail	阿比盖尔
ABIGAIL_FLOWER	Abigail's Flower	阿比盖尔之花
ACCOMPLISHMENT_SHRINE	Accomploshrine	神灯
ACORN	Birchnut	坚果
ACORN_COOKED	Roasted Birchnut	烤坚果
ACORN_SAPLING	Birchnut Sapling	桦树苗
ADVENTURE_PORTAL	Maxwell's Door	麦斯威尔的门
AMULET	Life Giving Amulet	生命护符
ANCIENT_ALTAR	Ancient Pseudoscience Station	远古伪科学站
ANCIENT_ALTAR_BROKEN	Broken Ancient Pseudoscience Station	破碎的远古伪科学站
ANCIENT_STATUE	Ancient Statue	远古雕像
ANIMAL_TRACK	Animal Track	动物足迹
ANTLION	Antlion	蚁狮
ANTLIONTRINKET	Beach Toy	沙桶套装
ANTLION_SINKHOLE	Sinkhole	地陷
ARMORDRAGONFLY	Scalemail	龙鳞盔甲
ARMORGRASS	Grass Suit	草制盔甲
ARMORMARBLE	Marble Suit	大理石盔甲
ARMORRUINS	Thulecite Suit	铥矿甲胄
ARMORSKELETON	Bone Armor	骨制盔甲
ARMORSLURPER	Belt of Hunger	饥饿腰带
ARMORSNURTLESHELL	Snurtle Shell Armor	圆壳蛞蝓壳
ARMORWOOD	Log Suit	木制盔甲
ARMOR_SANITY	Night Armor	暗影盔甲
ARROWSIGN_PANEL	Directional Sign	路标
ARROWSIGN_POST	Directional Sign	路标
ASH	Ashes	灰烬
ASH_REMAINS	Ashes of %s	%s的遗骸
ATRIUM_GATE	Ancient Gateway	古老的大门
ATRIUM_KEY	Ancient Key	古老的钥匙
ATRIUM_LIGHT	Ancient Beacon	古老的灯柱
ATRIUM_OVERGROWTH	Ancient Obelisk	古老的方尖碑
ATRIUM_RUBBLE	Ancient Mural	古代壁画
ATRIUM_STATUE	Ancient Statue	远古雕像
AXE	Axe	斧头
BABYBEEFALO	Baby Beefalo	牛宝宝
BACKPACK	Backpack	背包
BACONEGGS	Bacon and Eggs	鸡蛋火腿
BALLOON	Balloon	气球
BALLOONS_EMPTY	Pile o' Balloons	一堆气球
BANDAGE	Honey Poultice	蜂蜜药膏
BASALT	Basalt	玄武岩
BASALT_PILLAR	Basalt Pillar	玄武岩柱子
BAT	Batilisk	黑蝙蝠
BATBAT	Bat Bat	蝙蝠斧棍
BATCAVE	Bat Cave	蝙蝠洞
BATWING	Batilisk Wing	黑蝙蝠翅膀
BATWING_COOKED	Cooked Batilisk Wing	煮熟的黑蝙蝠翅膀
BEARDHAIR	Beard Hair	胡须
BEARGER	Bearger	熊獾
BEARGERVEST	Hibearnation Vest	熊皮背心
BEARGER_FUR	Thick Fur	厚皮毛
BEDROLL_FURRY	Fur Roll	毛皮铺盖
BEDROLL_STRAW	Straw Roll	稻草卷
BEE	Bee	蜜蜂
BEEBOX	Bee Box	蜂箱
BEEFALO	Beefalo	皮弗娄牛
BEEFALOHAT	Beefalo Hat	牛帽
BEEFALOWOOL	Beefalo Wool	牛毛
BEEFALO_DOMESTIC	Domesticated Beefalo	驯服的牛
BEEGUARD	Grumble Bee	蜜蜂守卫
BEEHAT	Beekeeper Hat	养蜂人的帽子
BEEHIVE	Beehive	蜂窝
BEEMINE	Bee Mine	蜜蜂地雷
BEEMINE_MAXWELL	Maxwell's Mosquito Trap	麦斯威尔的蜜蜂炸弹
BEEQUEEN	Bee Queen	女王蜂
BEEQUEENHIVE	Honey Patch	蜂窝
BEEQUEENHIVEGROWING	Somewhat Gigantic Beehive	略大的蜂窝
BEEQUEENHIVEGROWN	Gigantic Beehive	巨大的蜂窝
BEESWAX	Beeswax	蜂蜡
BELL	Old Bell	旧钟
BERNIE_ACTIVE	Bernie	伯尼
BERNIE_INACTIVE	Bernie	伯尼
BERRIES	Berries	浆果
BERRIES_COOKED	Roasted Berries	烤浆果
BERRIES_JUICY	Juicy Berries	蜜汁浆果
BERRIES_JUICY_COOKED	Roasted Juicy Berries	烤蜜汁浆果
BERRYBUSH	Berry Bush	浆果灌木丛
BERRYBUSH2	Berry Bush	浆果灌木丛
BERRYBUSH_JUICY	Juicy Berry Bush	蜜汁浆果丛
BIGFOOT	Biiigfoot	大脚
BIRCHNUTDRAKE	Birchnutter	坚果
BIRDCAGE	Birdcage	鸟笼
BIRDTRAP	Bird Trap	捕鸟器
BIRD_EGG	Egg	鸡蛋
BIRD_EGG_COOKED	Cooked Egg	熟鸡蛋
BISHOP	Clockwork Bishop	发条主教
BISHOP_NIGHTMARE	Damaged Bishop	损坏的主教
BLOWDART_FIRE	Fire Dart	燃烧吹箭
BLOWDART_LAVA	Darts	吹箭
BLOWDART_LAVA2	Molten Darts	熔岩吹箭
BLOWDART_PIPE	Blow Dart	吹箭
BLOWDART_SLEEP	Sleep Dart	麻醉吹箭
BLOWDART_YELLOW	Electric Dart	电磁吹箭
BLUEAMULET	Chilled Amulet	寒冰护符
BLUEGEM	Blue Gem	蓝宝石
BLUEMOONEYE	Blue Moonlens	蓝月之眼
BLUEPRINT	Blueprint	蓝图
BLUEPRINT_RARE	{item} Blueprint	{item}蓝图
BLUE_CAP	Blue Cap	蓝菇头
BLUE_CAP_COOKED	Cooked Blue Cap	烤蓝蘑菇
BLUE_MUSHROOM	Blue Mushroom	蓝蘑菇
BLUE_MUSHROOMHAT	Blue Funcap	蓝菇帽
BOARDS	Boards	木板
BOARON	Pit Pig	炼狱猪
BOARRIOR	Grand Forge Boarrior	熔炉猪魁
BONESHARD	Bone Shards	骨片
BONESTEW	Meaty Stew	肉汤
BONFIRE	Bonfire	篝火
BOOK_BIRDS	Birds of the World	世界上的鸟
BOOK_BRIMSTONE	The End is Nigh!	末日临近！
BOOK_ELEMENTAL	Tome of Beckoning	召唤
BOOK_FOSSIL	Petrifying Tome	石化魔典
BOOK_GARDENING	Applied Horticulture	应用园艺学
BOOK_SLEEP	Sleepytime Stories	睡前的故事
BOOK_TENTACLES	On Tentacles	在触手上
BOOMERANG	Boomerang	回旋镖
BRUSH	Brush	刷子
BUGNET	Bug Net	捕虫网
BUNDLE	Bundled Supplies	包裹
BUNDLEWRAP	Bundling Wrap	捆绑包裹
BUNNYMAN	Bunnyman	兔人
BURNT_MARSH_BUSH	Spiky Bush	尖刺灌木
BUSHHAT	Bush Hat	丛林帽
BUTTER	Butter	蝴蝶黄油
BUTTERFLY	Butterfly	蝴蝶
BUTTERFLYMUFFIN	Butter Muffin	奶油松饼
BUTTERFLYWINGS	Butterfly Wings	蝴蝶翅膀
BUZZARD	Buzzard	秃鹫
CACTUS	Cactus	仙人掌
CACTUS_FLOWER	Cactus Flower	仙人掌花
CACTUS_MEAT	Cactus Flesh	仙人掌肉
CACTUS_MEAT_COOKED	Cooked Cactus Flesh	煮好的仙人掌肉
CAMPFIRE	Campfire	营火
CANARY	Canary	金丝雀
CANARY_POISONED	Canary (Volatile)	金丝雀（不稳定）
CANDYBAG	Candy Bag	糖果袋
CANE	Walking Cane	步行手杖
CARROT	Carrot	胡萝卜
CARROT_COOKED	Roasted Carrot	烤胡萝卜
CARROT_PLANTED	Carrot	胡萝卜
CARROT_SEEDS	Carrot Seeds	胡萝卜种子
CARTOGRAPHYDESK	Cartographer's Desk	制图桌
CATCOON	Catcoon	浣猫
CATCOONDEN	Hollow Stump	中空树桩
CATCOONHAT	Cat Cap	猫帽
CAVEIN_BOULDER	Boulder	巨砾
CAVE_BANANA	Cave Banana	洞穴香蕉
CAVE_BANANA_COOKED	Cooked Banana	煮熟的香蕉
CAVE_BANANA_TREE	Cave Banana Tree	洞穴香蕉树
CAVE_ENTRANCE	Plugged Sinkhole	被堵住的落水洞
CAVE_ENTRANCE_OPEN	Sinkhole	落水洞
CAVE_ENTRANCE_OPEN_CAVE	Deeper	更深
CAVE_ENTRANCE_RUINS	Plugged Hole	被塞上的洞
CAVE_EXIT	Stairs	楼梯
CAVE_FERN	Fern	蕨类植物
CHARCOAL	Charcoal	木炭
CHARLIE	Charlie	查理
CHESSJUNK1	Broken Clockworks	破碎的发条机器
CHESSJUNK2	Broken Clockworks	破碎的发条机器
CHESSJUNK3	Broken Clockworks	破碎的发条机器
CHESSPIECE_BEARGER	Bearger Figure	熊獾棋子
CHESSPIECE_BEARGER_BUILDER	Bearger Figure	熊獾棋子
CHESSPIECE_BISHOP	Bishop Figure	主教棋子
CHESSPIECE_BISHOP_BUILDER	Bishop Figure	主教棋子
CHESSPIECE_CLAYHOUND	Hound Figure	猎犬棋子
CHESSPIECE_CLAYHOUND_BUILDER	Hound Figure	猎犬棋子
CHESSPIECE_CLAYHOUND_SKETCH	Clay Hound Figure Sketch	粘土猎犬草图
CHESSPIECE_CLAYWARG	Varg Figure	座狼棋子
CHESSPIECE_CLAYWARG_BUILDER	Varg Figure	座狼棋子
CHESSPIECE_CLAYWARG_SKETCH	Clay Varg Figure Sketch	粘土座狼草图
CHESSPIECE_DEERCLOPS	Deerclops Figure	独眼巨鹿棋子
CHESSPIECE_DEERCLOPS_BUILDER	Deerclops Figure	独眼巨鹿棋子
CHESSPIECE_DRAGONFLY	Dragonfly Figure	龙蝇棋子
CHESSPIECE_DRAGONFLY_BUILDER	Dragonfly Figure	龙蝇棋子
CHESSPIECE_FORMAL	Kingly Figure	国王棋子
CHESSPIECE_FORMAL_BUILDER	Kingly Figure	国王棋子
CHESSPIECE_HORNUCOPIA	Carved Hornucopia	龙角烩雕塑
CHESSPIECE_HORNUCOPIA_BUILDER	Carved Hornucopia	龙角烩雕塑
CHESSPIECE_KNIGHT	Knight Figure	骑士棋子
CHESSPIECE_KNIGHT_BUILDER	Knight Figure	骑士棋子
CHESSPIECE_MOOSEGOOSE	Moose Figure	鹿角鹅棋子
CHESSPIECE_MOOSEGOOSE_ALT	Goose Figure	鹿角鹅棋子
CHESSPIECE_MOOSEGOOSE_BUILDER	Moose/Goose Figure	鹿角鹅棋子
CHESSPIECE_MUSE	Queenly Figure	皇后棋子
CHESSPIECE_MUSE_BUILDER	Queenly Figure	皇后棋子
CHESSPIECE_PAWN	Pawn Figure	禁卫棋子
CHESSPIECE_PAWN_BUILDER	Pawn Figure	禁卫棋子
CHESSPIECE_PIPE	Bubble Pipe Carving	冒泡烟斗雕塑
CHESSPIECE_PIPE_BUILDER	Bubble Pipe Carving	冒泡烟斗雕塑
CHESSPIECE_ROOK	Rook Figure	战车棋子
CHESSPIECE_ROOK_BUILDER	Rook Figure	战车棋子
CHESTER	Chester	切斯特
CHESTER_EYEBONE	Eye Bone	切斯特眼骨
CLAYHOUND	Clay Hound	粘土猎犬
CLAYWARG	Clay Varg	粘土座狼
COLD	Freezing	寒冷刺骨
COLDFIRE	Endothermic Fire	吸热营火
COLDFIREPIT	Endothermic Fire Pit	吸热篝火
COMPASS	Compass	指南针
COOKEDMANDRAKE	Cooked Mandrake	熟曼德拉草
COOKEDMEAT	Cooked Meat	熟肉
COOKEDMONSTERMEAT	Cooked Monster Meat	熟怪兽肉
COOKEDSMALLMEAT	Cooked Morsel	熟肉块
COOKPOT	Crock Pot	烹煮锅
COONTAIL	Cat Tail	猫尾
CORN	Corn	玉米
CORN_COOKED	Popcorn	爆米花
CORN_SEEDS	Corn Seeds	玉米种子
CRAWLINGHORROR	Crawling Horror	爬行的恐惧
CRAWLINGNIGHTMARE	Crawling Nightmare	爬行的梦魇
CRITTERLAB	Rock Den	岩穴
CRITTER_DRAGONLING	Broodling	小龙蝇
CRITTER_DRAGONLING_BUILDER	Broodling	小龙蝇
CRITTER_GLOMLING	Glomglom	小格罗姆
CRITTER_GLOMLING_BUILDER	Glomglom	小格罗姆
CRITTER_KITTEN	Kittykit	小浣猫
CRITTER_KITTEN_BUILDER	Kittykit	小浣猫
CRITTER_LAMB	Ewelet	小钢羊
CRITTER_LAMB_BUILDER	Ewelet	小钢羊
CRITTER_PERDLING	Giblet	小火鸡
CRITTER_PERDLING_BUILDER	Giblet	小火鸡
CRITTER_PUPPY	Vargling	小座狼
CRITTER_PUPPY_BUILDER	Vargling	小座狼
CROP	Crop	农作物
CROW	Crow	乌鸦
CUTGRASS	Cut Grass	割下的草
CUTLICHEN	Lichen	苔藓
CUTREEDS	Cut Reeds	割好的芦苇
CUTSTONE	Cut Stone	石砖块
DARKNESS	Darkness	黑暗
DEADLYFEAST	Deadly Feast	致命盛宴
DECIDUOUSTREE	Birchnut Tree	桦树
DECIDUOUS_ROOT	Birchnut Tree	桦树
DECREASE_HEALTH	Health	生命值
DECREASE_SANITY	Sanity	精神值
DEER	No-Eyed Deer	无眼鹿
DEERCLOPS	Deerclops	独眼巨鹿
DEERCLOPS_EYEBALL	Deerclops Eyeball	巨鹿眼球
DEER_ANTLER	Deer Antler	鹿之匙
DEER_GEMMED	No-Eyed Deer	无眼鹿
DEFAULT	INVENTORY ITEM	库存物品
DEPLETED_GRASS	Grass	草
DESERTHAT	Desert Goggles	沙漠风镜
DEVTOOL	Dev Tool	开发工具
DIRTPILE	Suspicious Dirt Pile	可疑的土堆
DIVININGROD	Divining Rod	魔杖
DIVININGRODBASE	Divining Rod Holder	魔杖持有者
DIVININGRODSTART	Divining Rod Holder	魔杖持有者
DRAGONBODYHAT	Lucky Beast Body	舞狮之躯
DRAGONFLY	Dragonfly	龙蝇
DRAGONFLYCHEST	Scaled Chest	龙鳞宝箱
DRAGONFLYFURNACE	Scaled Furnace	龙鳞熔炉
DRAGONFRUIT	Dragon Fruit	火龙果
DRAGONFRUIT_COOKED	Prepared Dragon Fruit	精致火龙果
DRAGONFRUIT_SEEDS	Dragon Fruit Seeds	火龙果种子
DRAGONHEADHAT	Lucky Beast Head	舞狮之首
DRAGONPIE	Dragonpie	火龙果派
DRAGONTAILHAT	Lucky Beast Tail	舞狮之尾
DRAGON_SCALES	Scales	鳞片
DRUMSTICK	Drumstick	鸡腿
DRUMSTICK_COOKED	Fried Drumstick	炸鸡腿
DUG_BERRYBUSH	Berry Bush	浆果灌木丛
DUG_BERRYBUSH2	Berry Bush	浆果灌木丛
DUG_BERRYBUSH_JUICY	Juicy Berry Bush	蜜汁浆果丛
DUG_GRASS	Grass Tuft	长草簇
DUG_MARSH_BUSH	Spiky Bush	尖刺灌木
DUG_SAPLING	Sapling	树苗
DURIAN	Durian	榴莲
DURIAN_COOKED	Extra Smelly Durian	超臭榴莲
DURIAN_SEEDS	Durian Seeds	榴莲种子
EARMUFFSHAT	Rabbit Earmuffs	兔毛耳套
EEL	Eel	鳗鱼
EEL_COOKED	Cooked Eel	煮熟的鳗鱼
EGGPLANT	Eggplant	茄子
EGGPLANT_COOKED	Braised Eggplant	红烧茄子
EGGPLANT_SEEDS	Eggplant Seeds	茄子种子
ENDTABLE	End Table	茶几
EVERGREEN	Evergreen	常青树
EVERGREEN_SPARSE	Lumpy Evergreen	粗壮常青树
EYEBRELLAHAT	Eyebrella	眼球伞
EYEPLANT	Eye Plant	眼球草
EYETURRET	Houndius Shootius	恒迪尤斯・舒提尤斯
EYETURRET_ITEM	Houndius Shootius	恒迪尤斯・舒提尤斯
FAST_FARMPLOT	Improved Farm	高级农场
FEATHERFAN	Luxury Fan	鹅毛扇
FEATHERHAT	Feather Hat	羽毛帽
FEATHERPENCIL	Feather Pencil	羽毛笔
FEATHER_CANARY	Saffron Feather	金丝羽毛
FEATHER_CROW	Jet Feather	黑色羽毛
FEATHER_ROBIN	Crimson Feather	红色羽毛
FEATHER_ROBIN_WINTER	Azure Feather	蓝色羽毛
FENCE	Wood Fence	木栅栏
FENCE_GATE	Wood Gate	木门
FENCE_GATE_ITEM	Wood Gate	木门
FENCE_ITEM	Wood Fence	木栅栏
FERTILIZER	Bucket-o-poop	便便篮
FIRE	Fire	火
FIREBALLSTAFF	Infernal Staff	地狱法杖
FIRECRACKERS	Red Firecrackers	红鞭炮
FIREFLIES	Fireflies	萤火虫
FIREHOUND	Red Hound	红色猎犬
FIREPIT	Fire Pit	石头篝火
FIRESTAFF	Fire Staff	火魔杖
FIRESUPPRESSOR	Ice Flingomatic	雪球发射器
FISH	Fish	鱼
FISHINGROD	Fishing Rod	钓竿
FISHSTICKS	Fishsticks	炸鱼条
FISHTACOS	Fish Tacos	鱼炸玉米饼
FISH_COOKED	Cooked Fish	熟鱼
FLINT	Flint	燧石
FLOWER	Flower	花
FLOWERHAT	Garland	花环
FLOWERSALAD	Flower Salad	花瓣沙拉
FLOWER_CAVE	Light Flower	荧光草
FLOWER_EVIL	Evil Flower	恶魔之花
FLOWER_WITHERED	Withered Flower	枯萎的花
FOLIAGE	Foliage	叶子
FOOTBALLHAT	Football Helmet	橄榄球头盔
FOSSILSPIKE	Fossil Cage	化石牢笼
FOSSIL_PIECE	Fossil Fragments	化石碎片
FOSSIL_STALKER	Odd Skeleton	奇怪的骨架
FROG	Frog	青蛙
FROGGLEBUNWICH	Froggle Bunwich	青蛙圆面包三明治
FROGLEGS	Frog Legs	青蛙腿
FROGLEGS_COOKED	Cooked Frog Legs	熟青蛙腿
FRUITMEDLEY	Fruit Medley	水果拼盘
FURTUFT	Fur Tuft	毛簇
GARGOYLE_HOUND	Suspicious Moonrock	可疑的月岩
GARGOYLE_WEREPIG	Suspicious Moonrock	可疑的月岩
GEARS	Gears	齿轮
GEMSOCKET	Gem Stand	宝石放置台
GHOST	Ghost	鬼魂
GIFT	Gift	礼物
GIFTWRAP	Gift Wrap	礼物包裹
GLASSBLOCK	Glass Castle	玻璃城堡
GLASSSPIKE	Glass Spike	玻璃尖刺
GLOMMER	Glommer	格罗姆
GLOMMERFLOWER	Glommer's Flower	格罗姆的花
GLOMMERFUEL	Glommer's Goop	格罗姆的粘液
GLOMMERWINGS	Glommer's Wings	格罗姆的翅膀
GOATMILK	Electric Milk	伏特羊奶
GOGGLESHAT	Fashion Goggles	时尚风镜
GOLDENAXE	Luxury Axe	黄金斧头
GOLDENPICKAXE	Opulent Pickaxe	黄金鹤嘴锄
GOLDENPITCHFORK	Snazzy Pitchfork	黄金草叉
GOLDENSHOVEL	Regal Shovel	黄金铲子
GOLDNUGGET	Gold Nugget	金块
GOOSE_FEATHER	Down Feather	掉落的羽毛
GRASS	Grass	草
GRASSGEKKO	Grass Gekko	草蜥蜴
GRASS_UMBRELLA	Pretty Parasol	漂亮太阳伞
GRAVESTONE	Headstone	墓碑
GREENAMULET	Construction Amulet	建造护符
GREENGEM	Green Gem	绿宝石
GREENMOONEYE	Green Moonlens	绿月之眼
GREENSTAFF	Deconstruction Staff	解构魔杖
GREEN_CAP	Green Cap	绿菇头
GREEN_CAP_COOKED	Cooked Green Cap	烤绿蘑菇
GREEN_MUSHROOM	Green Mushroom	绿蘑菇
GREEN_MUSHROOMHAT	Green Funcap	绿菇帽
GUACAMOLE	Guacamole	鳄梨沙拉
GUANO	Guano	鸟屎
GUNPOWDER	Gunpowder	火药
HALF_HEALTH	Maximum Health	非常健康
HALF_SANITY	Maximum Sanity	精神上限
HALLOWEENCANDY_1	Candy Apple	苹果糖
HALLOWEENCANDY_10	Tentacle Lolli	触手棒棒糖
HALLOWEENCANDY_11	Choco Pigs	猪猪巧克力
HALLOWEENCANDY_12	Candy Lice	虱子糖
HALLOWEENCANDY_13	Otherworldly Jawbreaker	球形硬糖
HALLOWEENCANDY_14	Lava Pepper	拉瓦佩珀
HALLOWEENCANDY_2	Candy Corn	玉米糖
HALLOWEENCANDY_3	Not-So-Candy Corn	无糖玉米
HALLOWEENCANDY_4	Gummy Spider	蛛形橡皮糖
HALLOWEENCANDY_5	Catcoon Candy	浣猫糖球
HALLOWEENCANDY_6	"\""Raisins\"""	“葡萄干”
HALLOWEENCANDY_7	Raisins	葡萄干
HALLOWEENCANDY_8	Ghost Pop	幽灵棒棒糖
HALLOWEENCANDY_9	Jelly Worm	蠕虫果冻
HAMBAT	Ham Bat	火腿棒
HAMMER	Hammer	锤子
HAMMER_MJOLNIR	Forging Hammer	淬火战锤
HAWAIIANSHIRT	Floral Shirt	花纹衬衫
HEALINGSALVE	Healing Salve	治疗药膏
HEALINGSTAFF	Living Staff	守护法杖
HEATROCK	Thermal Stone	热能石
HIVEHAT	Bee Queen Crown	蜂王冠
HOMESIGN	Sign	指示牌
HONEY	Honey	蜂蜜
HONEYCOMB	Honeycomb	蜂巢
HONEYHAM	Honey Ham	蜜汁火腿
HONEYNUGGETS	Honey Nuggets	甜蜜金砖
HORN	Beefalo Horn	牛角
HOT	Overheating	过热
HOTCHILI	Spicy Chili	辣椒酱
HOUND	Hound	猎犬
HOUNDBONE	Bones	猎犬尸骨
HOUNDFIRE	Fire	火
HOUNDMOUND	Hound Mound	猎犬丘
HOUNDSTOOTH	Hound's Tooth	狗牙
HOUNDWHISTLE	Lucky Whistle	幸运哨子
HUMANMEAT	Long Pig	人肉
HUMANMEAT_COOKED	Cooked Long Pig	熟人肉
HUMANMEAT_DRIED	Long Pig Jerky	人肉干
HUNGER	Starvation	饿死
HUTCH	Hutch	哈奇
HUTCH_FISHBOWL	Star-sky	星-空
ICE	Ice	冰
ICEBOX	Ice Box	冰箱
ICECREAM	Ice Cream	冰淇淋
ICEHAT	Ice Cube	冰块
ICEHOUND	Blue Hound	蓝色猎犬
ICEPACK	Insulated Pack	隔热包
ICESTAFF	Ice Staff	冰魔杖
INSANITYROCK	Obelisk	方尖碑
JAMMYPRESERVES	Fist Full of Jam	果酱蜜饯
JELLYBEAN	Jellybeans	果冻豆
KABOBS	Kabobs	肉串
KILLERBEE	Killer Bee	杀人蜂
KLAUS	Klaus	克劳斯
KLAUSSACKKEY	Stag Antler	牡鹿之匙
KLAUS_SACK	Loot Stash	赃物袋
KNIGHT	Clockwork Knight	发条骑士
KNIGHT_NIGHTMARE	Damaged Knight	损坏的骑士
KOALEFANT_SUMMER	Koalefant	考拉象
KOALEFANT_WINTER	Koalefant	考拉象
KRAMPUS	Krampus	坎普斯
KRAMPUS_SACK	Krampus Sack	坎普斯背包
LANTERN	Lantern	提灯
LAVAARENA_ARMOREXTRAHEAVY	Steadfast Stone Armor	磐石铠甲
LAVAARENA_ARMORHEAVY	Stone Splint Mail	锁石甲
LAVAARENA_ARMORLIGHT	Reed Tunic	苇织外衣
LAVAARENA_ARMORLIGHTSPEED	Feathered Reed Tunic	苇羽蓑衣
LAVAARENA_ARMORMEDIUM	Wood Armor	木甲
LAVAARENA_ARMORMEDIUMDAMAGER	Jagged Wood Armor	锯齿木甲
LAVAARENA_ARMORMEDIUMRECHARGER	Silken Wood Armor	丝带木甲
LAVAARENA_BATTLESTANDARD	Battle Standard	战斗旗帜
LAVAARENA_BERNIE	Bernie	伯尼
LAVAARENA_BOARLORD	Battlemaster Pugna	战神帕格纳
LAVAARENA_CROWNDAMAGERHAT	Resplendent Nox Helm	锻金介胄
LAVAARENA_ELEMENTAL	Magma Golem	岩浆傀儡
LAVAARENA_EYECIRCLETHAT	Clairvoyant Crown	占卜之冠
LAVAARENA_FEATHERCROWNHAT	Feathered Wreath	羽翼花冠
LAVAARENA_HEALINGFLOWERHAT	Flower Headband	蓝雪发带
LAVAARENA_HEALINGGARLANDHAT	Blossomed Wreath	圣佑花环
LAVAARENA_KEYHOLE	Ancient Anchor	远古法阵
LAVAARENA_LIGHTDAMAGERHAT	Barbed Helm	斗士头盔
LAVAARENA_LUCY	Riled Lucy	愤怒的露西
LAVAARENA_METEOR	Meteor	流星
LAVAARENA_PORTAL	Ancient Gateway	远古大门
LAVAARENA_RECHARGERHAT	Crystal Tiara	水晶发冠
LAVAARENA_SPAWNER	Forge Portal	恶魔之门
LAVAARENA_STRONGDAMAGERHAT	Nox Helm	诺克斯战盔
LAVAARENA_TIARAFLOWERPETALSHAT	Woven Garland	精编花环
LAVAE	Lavae	熔岩幼虫
LAVAE_COCOON	Chilled Lavae	僵冷幼虫
LAVAE_EGG	Lavae Egg	熔岩虫卵
LAVAE_EGG_CRACKED	Lavae Egg	熔岩虫卵
LAVAE_PET	Extra-Adorable Lavae	超可爱的熔岩虫
LAVAE_TOOTH	Lavae Tooth	熔岩虫牙
LAVASPIT	Dragonfly Saliva	龙蝇唾液
LAVA_POND	Magma	岩浆
LAVA_POND_ROCK	Rock	岩浆岩
LEIF	Treeguard	树精守卫
LEIF_SPARSE	Treeguard	树精守卫
LICHEN	Cave Lichen	洞穴苔藓
LIFEINJECTOR	Booster Shot	AGV试验药
LIGHTBULB	Light Bulb	荧光果
LIGHTER	Willow's Lighter	薇洛的打火机
LIGHTNING	Lightning	闪电
LIGHTNINGGOAT	Volt Goat	伏特羊
LIGHTNINGGOATHORN	Volt Goat Horn	伏特羊角
LIGHTNING_ROD	Lightning Rod	避雷针
LITTLE_WALRUS	Wee MacTusk	小海象
LIVINGLOG	Living Log	活木
LIVINGTREE	Totally Normal Tree	完全正常的树
LOG	Log	木材
LUCKY_GOLDNUGGET	Lucky Gold Nugget	金元宝
LUCY	Lucy the Axe	露西斧
LUMPY_SAPLING	Lumpy Sapling	块状树苗
LUREPLANT	Meat Bulb	食人花
LUREPLANTBULB	Fleshy Bulb	肉质鳞茎
MAGIC_BLUEPRINT	Blank Blueprint	空白的设计图
MANDRAKE	Mandrake	曼德拉草
MANDRAKESOUP	Mandrake Soup	曼德拉草汤
MANDRAKE_ACTIVE	Mandrake	曼德拉草
MANDRAKE_PLANTED	Mandrake	曼德拉草
MANRABBIT_TAIL	Bunny Puff	兔毛
MAPSCROLL	Map Scroll	地图卷轴
MARBLE	Marble	大理石
MARBLEBEAN	Marble Bean	大理石魔豆
MARBLEBEAN_SAPLING	Marble Sprout	大理石树苗
MARBLEPILLAR	Marble Pillar	大理石柱子
MARBLESHRUB	Marble Shrub	大理石树
MARBLETREE	Marble Tree	大理石树
MARSH_BUSH	Spiky Bush	尖刺灌木
MARSH_PLANT	Plant	种植
MARSH_TREE	Spiky Tree	针叶树
MAXWELL	Maxwell	麦斯威尔
MAXWELLHEAD	Maxwell's Head	麦斯威尔之首
MAXWELLKEY	Shadow Key	影子钥匙
MAXWELLLIGHT	Maxwell's Light	麦斯威尔之光
MAXWELLLOCK	Nightmare Lock	噩梦锁头
MAXWELLPHONOGRAPH	Maxwell's Phonograph	麦斯威尔的留声机
MAXWELLTHRONE	Nightmare Throne	噩梦王座
MEAT	Meat	肉
MEATBALLS	Meatballs	肉丸
MEATRACK	Drying Rack	晒肉架
MEAT_DRIED	Jerky	肉干
MERM	Merm	鱼人
MERMHEAD	Merm Head	鱼人头
MERMHOUSE	Rundown House	鱼族废墟
MIGRATION_PORTAL	Friend-O-Matic Portal	入口
MINERHAT	Miner Hat	矿工帽
MINIFAN	Whirly Fan	旋风扇
MINISIGN	Mini Sign	迷你指示牌
MINISIGN_DRAWN	{item} Sign	“{item}”
MINISIGN_ITEM	Mini Sign	迷你指示牌
MINOTAUR	Ancient Guardian	远古守护者
MINOTAURCHEST	Large Ornate Chest	大豪华箱子
MINOTAURHORN	Guardian's Horn	守卫者的角
MOLE	Moleworm	鼹鼠
MOLEHAT	Moggles	鼹鼠帽
MOLEHILL	Burrow	洞穴
MOLE_ABOVEGROUND	Moleworm	鼹鼠
MOLE_UNDERGROUND	Raised Dirt	土堆
MONKEY	Splumonkey	暴躁猴
MONKEYBARREL	Splumonkey Pod	暴躁猴群
MONSTERLASAGNA	Monster Lasagna	怪物千层饼
MONSTERMEAT	Monster Meat	怪兽肉
MONSTERMEAT_DRIED	Monster Jerky	怪兽肉干
MOONBASE	Moon Stone	月之石
MOONDIAL	Moon Dial	月相盘
MOONROCKCRATER	Cratered Moonrock	无月之眼
MOONROCKNUGGET	Moon Rock	月之石
MOONROCK_PIECES	Moon Rubble	月岩废墟
MOOSE1	Moose	鹿角鹅
MOOSE2	Goose	鹿角鹅
MOOSEEGG1	Moose Egg	鹿角鹅蛋
MOOSEEGG2	Goose Egg	鹅蛋
MOOSENEST1	Moose Nest	鹿角鹅巢
MOOSENEST2	Goose Nest	鹿角鹅巢
MOSQUITO	Mosquito	蚊子
MOSQUITOSACK	Mosquito Sack	蚊子血袋
MOSSLING	Mosling	幼鹿角鹅
MOUND	Grave	坟墓
MULTIPLAYER_PORTAL	Florid Postern	绚丽之门
MULTITOOL_AXE_PICKAXE	Pick/Axe	镐斧
MUSHROOMBOMB	Boomshroom	提蘑
MUSHROOMBOMB_DARK	Misery Boomshroom	悲蘑
MUSHROOMHAT	Funcap	蘑菇帽
MUSHROOMSPROUT	Sporecap	子实体
MUSHROOMSPROUT_DARK	Misery Sporecap	悲实体
MUSHROOM_FARM	Mushroom Planter	蘑菇农场
MUSHROOM_LIGHT	Mushlight	荧菇灯
MUSHROOM_LIGHT2	Glowcap	炽菇灯
MUSHTREE_MEDIUM	Red Mushtree	红色蘑菇树
MUSHTREE_SMALL	Green Mushtree	绿色蘑菇树
MUSHTREE_TALL	Blue Mushtree	蓝色蘑菇树
MUSHTREE_TALL_WEBBED	Webbed Blue Mushtree	蓝色蘑菇树
NIGHTLIGHT	Night Light	暗夜照明灯
NIGHTMAREBEAK	Nightmarebeak	梦魇鸟
NIGHTMAREFUEL	Nightmare Fuel	噩梦燃料
NIGHTMARELIGHT	Nightmare Light	影灯
NIGHTMARE_TIMEPIECE	Thulecite Medallion	铥矿勋章
NIGHTSTICK	Morning Star	晨星
NIGHTSWORD	Dark Sword	暗影之刀
NIL	Darkness	黑暗
NITRE	Nitre	硝石
NONE	Nothing	无
OASISLAKE	Lake	湖泊
ONEMANBAND	One-man Band	独奏乐器
OPALPRECIOUSGEM	Iridescent Gem	闪闪发亮的宝石
OPALSTAFF	Moon Caller's Staff	唤月之杖
ORANGEAMULET	The Lazy Forager	懒人护符
ORANGEGEM	Orange Gem	橙宝石
ORANGEMOONEYE	Orange Moonlens	橙月之眼
ORANGESTAFF	The Lazy Explorer	懒惰的探索者
PANDORASCHEST	Ornate Chest	装饰箱
PANFLUTE	Pan Flute	排箫
PAPYRUS	Papyrus	莎草纸
PEGHOOK	Scorpeon	酸蚀蝎
PEGHOOK_DOT	Scorpeon Acid	酸蚀蝎的酸
PENGUIN	Pengull	企鸥
PERD	Gobbler	雄火鸡
PERDFAN	Lucky Fan	幸运扇
PERDSHRINE	Gobbler Shrine	火鸡神坛
PEROGIES	Pierogi	饺子
PETALS	Petals	花瓣
PETALS_EVIL	Dark Petals	恶魔花瓣
PHLEGM	Phlegm	痰
PICKAXE	Pickaxe	鹤嘴锄
PIGGUARD	Guard Pig	警卫猪
PIGGYBACK	Piggyback	小猪包
PIGHEAD	Pig Head	猪人头
PIGHOUSE	Pig House	猪舍
PIGKING	Pig King	猪王
PIGMAN	Pig Man	猪人
PIGSKIN	Pig Skin	猪皮
PIGTORCH	Pig Torch	猪头火炬
PINECONE	Pine Cone	松果
PINECONE_SAPLING	Evergreen Sapling	常青树苗
PITCHFORK	Pitchfork	草叉
PLANTMEAT	Leafy Meat	多叶的肉
PLANTMEAT_COOKED	Cooked Leafy Meat	煮熟的多叶肉
PLANT_NORMAL	Crop	农作物
POMEGRANATE	Pomegranate	石榴
POMEGRANATE_COOKED	Sliced Pomegranate	石榴片
POMEGRANATE_SEEDS	Pomegranate Seeds	石榴种子
POND	Pond	池塘
POND_ALGAE	Algae	水藻
POND_CAVE	Pond	池塘
POND_MOS	Pond	池塘
POOP	Manure	便便
POTTEDFERN	Potted Fern	蕨类植物盆栽
POWCAKE	Powdercake	芝士蛋糕
PUMPKIN	Pumpkin	南瓜
PUMPKINCOOKIE	Pumpkin Cookies	南瓜饼
PUMPKIN_COOKED	Hot Pumpkin	热南瓜
PUMPKIN_LANTERN	Pumpkin Lantern	南瓜灯
PUMPKIN_SEEDS	Pumpkin Seeds	南瓜种子
PURPLEAMULET	Nightmare Amulet	梦魇护符
PURPLEGEM	Purple Gem	紫宝石
PURPLEMOONEYE	Purple Moonlens	紫月之眼
QUAGMIRE_ALTAR	The Altar of Gnaw	噬咬祭坛
QUAGMIRE_ALTAR_BOLLARD	Post	柱子
QUAGMIRE_ALTAR_IVY	Ivy	常青藤
QUAGMIRE_ALTAR_QUEEN	Queen Beast	野兽女王
QUAGMIRE_ALTAR_STATUE1	Beast of Hunger	饥饿的野兽
QUAGMIRE_ALTAR_STATUE2	Beast of Hunger	饥饿的野兽
QUAGMIRE_BEEFALO	Old Beefalo	老皮弗娄牛
QUAGMIRE_BOWL_SILVER	Silver Bowl	银碗
QUAGMIRE_CASSEROLEDISH	Large Casserole Dish	大砂锅
QUAGMIRE_CASSEROLEDISH_SMALL	Small Casserole Dish	小砂锅
QUAGMIRE_COIN1	Old Coin	老旧的硬币
QUAGMIRE_COIN2	Sapphire Medallion	蓝宝石徽章
QUAGMIRE_COIN3	Red Mark	红色标记
QUAGMIRE_COIN4	Gnaw's Favor	噬咬的赞赏
QUAGMIRE_COOKEDSMALLMEAT	Cooked Meat Scraps	烤肉
QUAGMIRE_CRABMEAT	Crab Meat	蟹肉
QUAGMIRE_CRABMEAT_COOKED	Cooked Crab Meat	烤蟹肉
QUAGMIRE_CRABTRAP	Crab Trap	蟹笼
QUAGMIRE_CRATE_GRILL	Large Grill Kit	大烧烤架套件
QUAGMIRE_CRATE_GRILL_SMALL	Grill Kit	烧烤架套件
QUAGMIRE_CRATE_OVEN	Oven Kit	烤箱套件
QUAGMIRE_CRATE_POT_HANGER	Cookpot Kit	烹煮锅套件
QUAGMIRE_FERN	Fern	蕨菜
QUAGMIRE_FLOUR	Flour	面粉
QUAGMIRE_FOLIAGE_COOKED	Cooked Foliage	烤叶子
QUAGMIRE_FOOD_BOWL	Bowl	碗
QUAGMIRE_FOOD_BURNT	Burnt Food	烧焦的食物
QUAGMIRE_FOOD_PLATE	Plate	盘子
QUAGMIRE_GARLIC	Garlic	大蒜
QUAGMIRE_GARLIC_COOKED	Roast Garlic	烤大蒜
QUAGMIRE_GOATKID	Billy	比利
QUAGMIRE_GOATMILK	Goat Milk	山羊奶
QUAGMIRE_GOATMUM	Mumsy	玛姆茜
QUAGMIRE_GRILL	Large Grill	大烧烤架
QUAGMIRE_GRILL_ITEM	Large Grill	大烧烤架
QUAGMIRE_GRILL_SMALL	Small Grill	小烧烤架
QUAGMIRE_GRILL_SMALL_ITEM	Small Grill	小烧烤架
QUAGMIRE_HOE	Hoe	锄头
QUAGMIRE_KEY	Key	钥匙
QUAGMIRE_KEY_PARK	Iron Key	铁钥匙
QUAGMIRE_LAMP_POST	Streetlight	路灯
QUAGMIRE_LAMP_SHORT	Small Streetlight	小路灯
QUAGMIRE_MEALINGSTONE	Mealing Stone	磨石
QUAGMIRE_MERM	Bog Merm	沼泽鱼人
QUAGMIRE_MERMHOUSE	Rundown House	鱼人房
QUAGMIRE_MERM_CART1	Sammy's Wagon	萨米的货车
QUAGMIRE_MERM_CART2	Pipton's Cart	皮普顿的货车
QUAGMIRE_MUSHROOMS	Mushroom	蘑菇
QUAGMIRE_MUSHROOMSTUMP	Mushroom	蘑菇
QUAGMIRE_MUSHROOMS_COOKED	Cooked Mushroom	烤蘑菇
QUAGMIRE_ONION	Onion	洋葱
QUAGMIRE_ONION_COOKED	Roast Onion	烤洋葱
QUAGMIRE_OVEN	Oven	烤箱
QUAGMIRE_OVEN_ITEM	Oven	烤箱
QUAGMIRE_PARKSPIKE	Iron Fence	铁栅栏
QUAGMIRE_PARK_ANGEL	Gnaw Worshipper	暴食崇拜者
QUAGMIRE_PARK_ANGEL2	Gnaw Worshipper	暴食崇拜者
QUAGMIRE_PARK_FOUNTAIN	Fountain	喷泉
QUAGMIRE_PARK_GATE	Iron Gate	铁门
QUAGMIRE_PARK_GATE_LOCKED	Locked Iron Gate	锁着的铁门
QUAGMIRE_PARK_OBELISK	Stone Pillar	石柱
QUAGMIRE_PARK_URN	Urn	罐子
QUAGMIRE_PEBBLECRAB	Pebble Crab	卵石蟹
QUAGMIRE_PIGEON	Pigeon	鸽子
QUAGMIRE_PLATE_SILVER	Silver Plate	银盘
QUAGMIRE_POND_SALT	Salt Pond	盐池
QUAGMIRE_PORTAL	Ancient Gateway	古老的大门
QUAGMIRE_PORTAL_KEY	Ancient Key	古老的钥匙
QUAGMIRE_POT	Large Cookpot	大烹煮锅
QUAGMIRE_POTATO	Potato	土豆
QUAGMIRE_POTATO_COOKED	Roast Potato	烤土豆
QUAGMIRE_POT_HANGER	Pot Hanger	锅架
QUAGMIRE_POT_HANGER_ITEM	Pot Hanger	锅架
QUAGMIRE_POT_SMALL	Cookpot	烹煮锅
QUAGMIRE_POT_SYRUP	Syrup Pot	糖罐
QUAGMIRE_ROTTEN_CROP	Rotten Crop	腐烂的作物
QUAGMIRE_RUBBLE_BIKE	Wrecked Bicycle	坏掉的自行车
QUAGMIRE_RUBBLE_CARRIAGE	Broken Carriage	破旧的马车
QUAGMIRE_RUBBLE_CATHEDRAL	Dilapidated Cathedral	破败的教堂
QUAGMIRE_RUBBLE_CHIMNEY	Dilapidated Chimney	残缺的烟囱
QUAGMIRE_RUBBLE_CHIMNEY2	Dilapidated Chimney	残缺的烟囱
QUAGMIRE_RUBBLE_CLOCK	Smashed Clock	破碎的钟
QUAGMIRE_RUBBLE_CLOCKTOWER	Dilapidated Clocktower	破旧的钟楼
QUAGMIRE_RUBBLE_HOUSE	Dilapidated House	损坏的房子
QUAGMIRE_RUBBLE_PUBDOOR	Dilapidated Door	损坏的门
QUAGMIRE_RUBBLE_ROOF	Dilapidated Roof	破损的屋顶
QUAGMIRE_SAFE	Safe	保险箱
QUAGMIRE_SAFE_LOCKED	Locked Safe	上锁的保险箱
QUAGMIRE_SALMON	Salmon	鲑鱼
QUAGMIRE_SALMON_COOKED	Cooked Salmon	烤鲑鱼
QUAGMIRE_SALT	Salt	盐
QUAGMIRE_SALTED_FOOD_FMT	Salted {food}	腌制的{food}
QUAGMIRE_SALTROCK	Salt Crystals	盐晶
QUAGMIRE_SALTY_FOOD_FMT	Salty {food}	咸{food}
QUAGMIRE_SALT_RACK	Salt Rack	盐架
QUAGMIRE_SALT_RACK_ITEM	Salt Rack	盐架
QUAGMIRE_SAP	Sap	树液
QUAGMIRE_SAPBUCKET	Tree Tapping Kit	树汁采集器
QUAGMIRE_SAP_SPOILED	Ruined Sap	变质的树液
QUAGMIRE_SEEDPACKET_1	Packet of Blue Seeds	一包蓝色的种子
QUAGMIRE_SEEDPACKET_2	Packet of Fluffy Seeds	一包毛茸茸的种子
QUAGMIRE_SEEDPACKET_3	Packet of Spiky Seeds	一包多刺的种子
QUAGMIRE_SEEDPACKET_4	Packet of Pointy Seeds	一包尖尖的种子
QUAGMIRE_SEEDPACKET_5	Packet of Round Seeds	一包圆圆的种子
QUAGMIRE_SEEDPACKET_6	Packet of Oblong Seeds	一包长形种子
QUAGMIRE_SEEDPACKET_7	Packet of Seed Pods	一包豆荚
QUAGMIRE_SEEDPACKET_MIX	Packet of Mixed Seeds	一包混合种子
QUAGMIRE_SEEDS_1	Blue Seeds	蓝色的种子
QUAGMIRE_SEEDS_2	Fluffy Seeds	毛茸茸的种子
QUAGMIRE_SEEDS_3	Spiky Seeds	多刺的种子
QUAGMIRE_SEEDS_4	Pointy Seeds	尖尖的种子
QUAGMIRE_SEEDS_5	Round Seeds	圆圆的种子
QUAGMIRE_SEEDS_6	Oblong Seeds	椭圆的种子
QUAGMIRE_SEEDS_7	Seed Pods	豆荚
QUAGMIRE_SLAUGHTERTOOL	Slaughter Tools	屠宰工具
QUAGMIRE_SMALLMEAT	Meat Scraps	小肉
QUAGMIRE_SPOTSPICE_GROUND	Spot Spice	斑点香料
QUAGMIRE_SPOTSPICE_SHRUB	Spotty Shrub	斑点灌木
QUAGMIRE_SPOTSPICE_SPRIG	Spotty Sprig	斑点灌木枝
QUAGMIRE_SUGARWOODTREE	Sugarwood Tree	糖槭树
QUAGMIRE_SWAMPIGELDER	Swamp Pig Elder	沼泽猪长者
QUAGMIRE_SWAMPIG_HOUSE	Worn Pig House	破旧的猪人房
QUAGMIRE_SWAMPIG_HOUSE_RUBBLE	House Rubble	废墟
QUAGMIRE_SYRUP	Syrup	糖浆
QUAGMIRE_TOMATO	Toma Root	西红柿
QUAGMIRE_TOMATO_COOKED	Roast Toma Root	烤西红柿
QUAGMIRE_TRADER_MERM	Sammy\nThe Lucid Bog Merm	萨米\n认知一切的沼泽鱼人
QUAGMIRE_TRADER_MERM2	Pipton\nThe Cognizant Bog Merm	皮普顿\n洞察一切的沼泽鱼人
QUAGMIRE_TURNIP	Turnip	萝卜
QUAGMIRE_TURNIP_COOKED	Roast Turnip	烤萝卜
QUAGMIRE_WHEAT	Wheat	小麦
QUAGMIRE_WILDWHEAT	Wheat	小麦
RABBIT	Rabbit	兔子
RABBITHOLE	Rabbit Hole	兔子窝
RABBITHOUSE	Rabbit Hutch	兔子窝
RAIN	Short Circuit	短路
RAINCOAT	Rain Coat	雨衣
RAINHAT	Rain Hat	雨帽
RAINOMETER	Rainometer	雨量计
RATATOUILLE	Ratatouille	蔬菜杂烩
RAZOR	Razor	剃刀
REDGEM	Red Gem	红宝石
REDLANTERN	Red Lantern	红灯笼
REDMOONEYE	Red Moonlens	红月之眼
REDPOUCH	Red Pouch	福袋
RED_CAP	Red Cap	红菇头
RED_CAP_COOKED	Cooked Red Cap	烤红蘑菇
RED_MUSHROOM	Red Mushroom	红蘑菇
RED_MUSHROOMHAT	Red Funcap	红菇帽
REEDS	Reeds	芦苇
REFLECTIVEVEST	Summer Frest	夏季背心
RELIC	Relic	废墟
RESEARCHLAB	Science Machine	科学机器
RESEARCHLAB2	Alchemy Engine	炼金术引擎
RESEARCHLAB3	Shadow Manipulator	暗影操纵仪
RESEARCHLAB4	Prestihatitator	魔法帽子
RESURRECTIONSTATUE	Meat Effigy	肉块雕像
RESURRECTIONSTONE	Touch Stone	试金石
RESURRECTION_PENALTY	Resurrection Sickness	治疗疾病
REVIVER	Telltale Heart	救赎之心
ROBIN	Redbird	红雀
ROBIN_WINTER	Snowbird	雪雀
ROCK1	Boulder	卵石
ROCK2	Boulder	卵石
ROCKS	Rocks	岩石
ROCKY	Rock Lobster	岩石大龙虾
ROCK_FLINTLESS	Boulder	卵石
ROCK_FLINTLESS_LOW	Boulder	卵石
ROCK_FLINTLESS_MED	Boulder	卵石
ROCK_ICE	Mini Glacier	迷你冰川
ROCK_ICE_MELTED	Melted Mini Glacier	融化的迷你冰川
ROCK_LIGHT	Lava Pit	火山坑
ROCK_MOON	Boulder	卵石
ROCK_PETRIFIED_TREE	Petrified Tree	石化树
ROOK	Clockwork Rook	发条战车
ROOK_NIGHTMARE	Damaged Rook	损坏的战车
ROPE	Rope	绳索
ROTTENEGG	Rotten Egg	烂鸡蛋
ROYAL_JELLY	Royal Jelly	蜂王浆
RUBBLE	Rubble	碎石
RUINSHAT	Thulecite Crown	铥矿皇冠
RUINSRELIC_BOWL	Replica Relic Bowl	仿造的古董碗
RUINSRELIC_CHAIR	Replica Relic Chair	仿造的古董椅子
RUINSRELIC_CHIPBOWL	Replica Relic Dish	仿造的古董餐碟
RUINSRELIC_PLATE	Replica Relic Plate	仿造的古董盘子
RUINSRELIC_TABLE	Replica Relic Table	仿造的古董桌子
RUINSRELIC_VASE	Replica Relic Vase	仿造的古董花瓶
RUINS_BAT	Thulecite Club	铥矿棒
RUINS_RUBBLE	Broken Relic	损毁的废墟
SACRED_CHEST	Ancient Chest	远古宝箱
SADDLEHORN	Saddlehorn	取鞍器
SADDLE_BASIC	Saddle	鞍
SADDLE_RACE	Glossamer Saddle	闪亮之鞍
SADDLE_WAR	War Saddle	浴血战鞍
SALTLICK	Salt Lick	舐盐器
SANDBLOCK	Sand Castle	沙堡
SANDSPIKE	Sand Spike	沙刺
SANITYROCK	Obelisk	方尖碑
SAPLING	Sapling	树苗
SCARECROW	Friendly Scarecrow	友善的稻草人
SCORCHED_SKELETON	Crispy Skeleton	烧焦的骨架
SCULPTINGTABLE	Potter's Wheel	陶艺转盘
SCULPTING_MATERIAL	Sculpting Block	雕塑素材
SCULPTURE_BISHOPBODY	Marble Sculpture	大理石雕塑
SCULPTURE_BISHOPHEAD	Suspicious Marble	可疑的大理石
SCULPTURE_KNIGHTBODY	Marble Sculpture	大理石雕塑
SCULPTURE_KNIGHTHEAD	Suspicious Marble	可疑的大理石
SCULPTURE_ROOKBODY	Marble Sculpture	大理石雕塑
SCULPTURE_ROOKNOSE	Suspicious Marble	可疑的大理石
SEEDS	Seeds	种子
SEEDS_COOKED	Toasted Seeds	烤种子
SENTRYWARD	Ocuvigil	真眼守卫
SEWING_KIT	Sewing Kit	缝纫工具包
SEWING_TAPE	Trusty Tape	靠谱的胶带
SHADOWCHANNELER	Unseen Hand	无形之手
SHADOWDIGGER_BUILDER	Shadow Digger	暗影挖掘者
SHADOWDUELIST_BUILDER	Shadow Duelist	暗影斗士
SHADOWHEART	Shadow Atrium	暗影之心
SHADOWLUMBER_BUILDER	Shadow Logger	暗影伐木工
SHADOWMETEOR	Meteor	流星
SHADOWMINER_BUILDER	Shadow Miner	暗影矿工
SHADOWTENTACLE	Shadow Tentacle	暗影之触
SHADOWWAXWELL	Shadow	暗影
SHADOW_BISHOP	Shadow Bishop	暗影主教
SHADOW_KNIGHT	Shadow Knight	暗影骑士
SHADOW_ROOK	Shadow Rook	暗影战车
SHENANIGANS	Shenanigans	鬼把戏
SHOVEL	Shovel	铲子
SHROOM_SKIN	Shroom Skin	蕈蟾酥
SIESTAHUT	Siesta Lean-to	简易小木棚
SILK	Silk	蜘蛛网
SINKHOLE	Basalt	玄武岩
SKELETON	Skeleton	骨架
SKELETONHAT	Bone Helm	白骨头盔
SKELETON_PLAYER	Skeleton	骨架
SKETCH	{item} Sketch	{item} 草图
SKULLCHEST	Skullchest	骷髅箱
SLEEPBOMB	Napsack	催眠炸弹
SLOW_FARMPLOT	Basic Farm	基本农场
SLURPER	Slurper	缀食者
SLURPER_PELT	Slurper Pelt	缀食者之皮
SLURTLE	Slurtle	含糊虫
SLURTLEHAT	Shelmet	背壳头盔
SLURTLEHOLE	Slurtle Mound	含糊虫土堆
SLURTLESLIME	Slurtle Slime	粘滑含糊虫
SLURTLE_SHELLPIECES	Broken Shell	破碎的背壳
SMALLBIRD	Smallbird	小高鸟
SMALLMEAT	Morsel	小肉块
SMALLMEAT_DRIED	Small Jerky	小块肉干
SNAPPER	Crocommander	鳄人
SNURTLE	Snurtle	黏糊虫
SPAT	Ewecus	钢羊
SPEAR	Spear	长矛
SPEAR_GUNGNIR	Pith Pike	髓棘长矛
SPEAR_LANCE	Spiral Spear	螺旋枪
SPEAR_WATHGRITHR	Battle Spear	战斗长矛
SPIDER	Spider	蜘蛛
SPIDERDEN	Spider Den	蜘蛛巢
SPIDEREGGSACK	Spider Eggs	蜘蛛卵
SPIDERGLAND	Spider Gland	蜘蛛腺体
SPIDERHAT	Spiderhat	蜘蛛帽
SPIDERHOLE	Spilagmite	蛛网岩
SPIDERQUEEN	Spider Queen	蜘蛛女王
SPIDER_DROPPER	Dangling Depth Dweller	白蜘蛛
SPIDER_HIDER	Cave Spider	洞穴蜘蛛
SPIDER_SPITTER	Spitter	喷射蜘蛛
SPIDER_WARRIOR	Spider Warrior	蜘蛛战士
SPOILED_FOOD	Rot	腐烂食物
SPORECLOUD	Spore Cloud	孢子云
SPORE_MEDIUM	Red Spore	红色孢子
SPORE_SMALL	Green Spore	绿色孢子
SPORE_TALL	Blue Spore	蓝色孢子
STAFFCOLDLIGHT	Polar Light	极光
STAFFLIGHT	Dwarf Star	矮星
STAFF_TORNADO	Weather Pain	旋风
STAGEHAND	Stagehand	舞台之饰
STALAGMITE	Stalagmite	石笋
STALAGMITE_TALL	Stalagmite	石笋
STALKER	Reanimated Skeleton	复活的骨架
STALKER_ATRIUM	Ancient Fuelweaver	远古影织者
STALKER_MINION	Woven Shadow	编织的暗影
STATUEGLOMMER	Glommer's Statue	格罗姆的雕像
STATUEHARP	Harp Statue	直立雕像
STATUEMAXWELL	Maxwell Statue	麦斯威尔雕像
STATUE_MARBLE	Marble Sculpture	大理石雕塑
STEELWOOL	Steel Wool	钢丝绒
STINGER	Stinger	蜂刺
STRAWHAT	Straw Hat	草帽
STUFFEDEGGPLANT	Stuffed Eggplant	香酥茄盒
SUCCULENT_PICKED	Succulent	肉质植物
SUCCULENT_PLANT	Succulent	肉质植物
SUCCULENT_POTTED	Potted Succulent	多肉植物盆栽
SUNKBOAT	Sunken Boat	沉船
SWEATERVEST	Dapper Vest	小巧背心
TAFFY	Taffy	太妃糖
TALLBIRD	Tallbird	高脚鸟
TALLBIRDEGG	Tallbird Egg	高脚鸟蛋
TALLBIRDEGG_COOKED	Fried Tallbird Egg	油煎高脚鸟蛋
TALLBIRDEGG_CRACKED	Hatching Tallbird Egg	孵化的高脚鸟蛋
TALLBIRDNEST	Tallbird Nest	高脚鸟巢穴
TEAMLEADER	Team Leader	小队首领
TEENBIRD	Smallish Tallbird	小高脚鸟
TELEBASE	Telelocator Focus	传送核心
TELEPORTATO_BASE	Wooden Thing	传送机零件底座
TELEPORTATO_BOX	Box Thing	盒状传送机零件
TELEPORTATO_CHECKMATE	Wooden Thing	传送机零件底座
TELEPORTATO_CRANK	Crank Thing	曲柄状传送机零件
TELEPORTATO_POTATO	Metal Potato Thing	球状传送机零件
TELEPORTATO_RING	Ring Thing	环状传送机零件
TELESTAFF	Telelocator Staff	传送魔杖
TENT	Tent	帐篷
TENTACLE	Tentacle	触手
TENTACLESPIKE	Tentacle Spike	触手尖刺
TENTACLESPOTS	Tentacle Spots	斑点触手皮
TENTACLE_GARDEN	Big Tentacle	大触手
TENTACLE_PILLAR	Big Tentacle	大触手
TENTACLE_PILLAR_ARM	Baby Tentacle	小触手
TENTACLE_PILLAR_HOLE	Big Slimy Pit	黏糊糊的大坑
TERRORBEAK	Terrorbeak	恐怖的巨喙
THULECITE	Thulecite	铥矿
THULECITE_PIECES	Thulecite Fragments	铥矿石碎片
THURIBLE	Shadow Thurible	暗影香炉
TOADSTOOL	Toadstool	剧毒蕈蟾
TOADSTOOL_CAP	Toadstool	毒菌
TOADSTOOL_CAP_DARK	Misery Toadstool	悲惨蕈蟾
TOADSTOOL_DARK	Misery Toadstool	悲菌
TOADSTOOL_HOLE	Hole	地洞
TOPHAT	Top Hat	高礼帽
TORCH	Torch	火炬
TORNADO	Tornado	龙卷风
TOWNPORTAL	The Lazy Deserter	懒惰的逃亡者
TOWNPORTALTALISMAN	Desert Stone	沙之石
TRAILMIX	Trail Mix	水果杂烩
TRAILS	Boarilla	猩猩战士
TRAILS1	Boarilla	猩猩战士
TRAILS2	Boarilla	猩猩战士
TRANSISTOR	Electrical Doodad	电器元件
TRAP	Trap	陷阱
TRAP_TEETH	Tooth Trap	狗牙陷阱
TRAP_TEETH_MAXWELL	Maxwell's Tooth Trap	麦斯威尔的利齿陷阱
TREASURECHEST	Chest	宝箱
TREASURECHEST_TRAP	Treasure Chest	宝箱陷阱
TRINKET_1	Melty Marbles	融化的大理石
TRINKET_10	Second-hand Dentures	二手假牙
TRINKET_11	Lying Robot	半躺机器人
TRINKET_12	Dessicated Tentacle	干瘪触手
TRINKET_13	Gnomette	地精
TRINKET_14	Leaky Teacup	漏水的茶杯
TRINKET_15	White Bishop	白色主教
TRINKET_16	Black Bishop	黑色主教
TRINKET_17	Bent Spork	弯曲的叉勺
TRINKET_18	Toy Trojan Horse	玩具木马
TRINKET_19	Unbalanced Top	陀螺
TRINKET_2	Fake Kazoo	假卡祖笛
TRINKET_20	Back Scratcher	挠痒器
TRINKET_21	Beaten Beater	敲打锤
TRINKET_22	Frayed Yarn	不耐磨的毛线
TRINKET_23	Shoe Horn	鞋拔
TRINKET_24	Lucky Cat Jar	幸运猫罐
TRINKET_25	Air Unfreshener	空气“清新”剂
TRINKET_26	Potato Cup	土豆杯
TRINKET_27	Wire Hanger	钢丝绳
TRINKET_28	White Rook	白色战车
TRINKET_29	Black Rook	黑色战车
TRINKET_3	Gord's Knot	歌德结
TRINKET_30	White Knight	白色骑士
TRINKET_31	Black Knight	黑色骑士
TRINKET_32	Cubic Zirconia Ball	方晶锆球
TRINKET_33	Spider Ring	蜘蛛指环
TRINKET_34	Monkey Paw	猴爪
TRINKET_35	Empty Elixir	容量瓶
TRINKET_36	Faux Fangs	假牙
TRINKET_37	Broken Stake	断桩
TRINKET_38	Binoculars	双筒望远镜
TRINKET_39	Lone Glove	孤独的手套
TRINKET_4	Gnome	地精
TRINKET_40	Snail Scale	蜗牛标尺
TRINKET_41	Goop Canister	有液体的罐子
TRINKET_42	Toy Cobra	玩具蛇
TRINKET_43	Crocodile Toy	鳄鱼玩具
TRINKET_44	Broken Terrarium	破碎的水晶球
TRINKET_45	Odd Radio	奇怪的无线电
TRINKET_46	Broken Hairdryer	损坏的吹风机
TRINKET_5	Tiny Rocketship	小型火箭飞船
TRINKET_6	Frazzled Wires	破烂电线
TRINKET_7	Ball and Cup	球与奖杯
TRINKET_8	Hardened Rubber Bung	硬化橡胶塞
TRINKET_9	Mismatched Buttons	不匹配的钮扣
TRUNKVEST_SUMMER	Breezy Vest	夏日背心
TRUNKVEST_WINTER	Puffy Vest	寒冬背心
TRUNK_COOKED	Koalefant Trunk Steak	烤熟象鼻
TRUNK_SUMMER	Koalefant Trunk	红色象鼻
TRUNK_WINTER	Winter Koalefant Trunk	蓝色象鼻
TUMBLEWEED	Tumbleweed	风滚草
TURF_CARPETFLOOR	Carpeted Flooring	地毯地板
TURF_CAVE	Guano Turf	鸟粪草地
TURF_CHECKERFLOOR	Checkered Flooring	方格地板
TURF_DECIDUOUS	Deciduous Turf	季节性草地
TURF_DESERTDIRT	Sandy Turf	沙地
TURF_DIRT	Dirt Turf	污垢草皮
TURF_DRAGONFLY	Scaled Flooring	龙鳞地板
TURF_FOREST	Forest Turf	森林草皮
TURF_FUNGUS	Fungal Turf	菌类草地
TURF_FUNGUS_GREEN	Fungal Turf	菌类草地
TURF_FUNGUS_RED	Fungal Turf	菌类草地
TURF_GRASS	Grass Turf	长草草皮
TURF_MARSH	Marsh Turf	沼泽草皮
TURF_MUD	Mud Turf	泥泞草地
TURF_ROAD	Cobblestones	卵石路
TURF_ROCKY	Rocky Turf	岩石草皮
TURF_SAVANNA	Savanna Turf	热带草原草皮
TURF_SINKHOLE	Slimy Turf	泥泞的地皮
TURF_UNDERROCK	Cave Rock Turf	洞穴石地
TURF_WOODFLOOR	Wooden Flooring	木质地板
TURKEYDINNER	Turkey Dinner	火鸡正餐
TURTILLUS	Snortoise	岩龟泰坦
TWIGGYTREE	Twiggy Tree	多枝的树
TWIGGY_NUT	Twiggy Tree Cone	多枝的树的果实
TWIGGY_NUT_SAPLING	Twiggy Sapling	多枝的树苗
TWIGS	Twigs	小树枝
UMBRELLA	Umbrella	雨伞
UNAGI	Unagi	鳗鱼
UNKNOWN	Unknown	未知
WAFFLES	Waffles	华夫饼
WALL_HAY	Hay Wall	干草墙
WALL_HAY_ITEM	Hay Wall	干草墙
WALL_MOONROCK	Moon Rock Wall	月岩墙
WALL_MOONROCK_ITEM	Moon Rock Wall	月岩墙
WALL_RUINS	Thulecite Wall	铥矿墙
WALL_RUINS_ITEM	Thulecite Wall	铥矿墙
WALL_STONE	Stone Wall	石墙
WALL_STONE_ITEM	Stone Wall	石墙
WALL_WOOD	Wood Wall	木墙
WALL_WOOD_ITEM	Wood Wall	木墙
WALRUS	MacTusk	海象
WALRUSHAT	Tam o' Shanter	贝雷帽
WALRUS_CAMP	Walrus Camp	海象巢穴
WALRUS_TUSK	Walrus Tusk	海象牙
WARDROBE	Wardrobe	衣柜
WARG	Varg	座狼
WARGSHRINE	Varg Shrine	座狼神坛
WASPHIVE	Killer Bee Hive	杀人蜂巢
WATER	Short Circuit	短路
WATERBALLOON	Waterballoon	水球
WATERMELON	Watermelon	西瓜
WATERMELONHAT	Fashion Melon	时尚西瓜帽
WATERMELONICLE	Melonsicle	西瓜冰
WATERMELON_COOKED	Grilled Watermelon	烤西瓜
WATERMELON_SEEDS	Watermelon Seeds	西瓜种子
WATHGRITHR	Wigfrid	薇格弗德
WATHGRITHRHAT	Battle Helm	战斗头盔
WAXPAPER	Wax Paper	蜡纸
WAXWELL	Maxwell	麦斯威尔
WAXWELLJOURNAL	Codex Umbra	暗影密典
WAXWELL_SHADOWSTRIKER	Shadow	暗影
WEBBER	Webber	韦伯
WEBBERSKULL	Webber's Skull	韦伯的头颅
WEBBER_SPIDER_MINION	Baby Spider	小蜘蛛
WENDY	Wendy	温蒂
WES	Wes	韦斯
WETGOOP	Wet Goop	湿腻焦糊
WETPAPER	Paper	纸
WETPOUCH	Crumpled Package	皱巴巴的包裹
WHIP	Tail o' Three Cats	三尾猫的教诲
WICKERBOTTOM	Wickerbottom	维克波顿
WILLOW	Willow	薇洛
WILSON	Wilson	威尔逊
WINONA	Winona	薇诺娜
WINTERHAT	Winter Hat	寒冬帽
WINTEROMETER	Thermal Measurer	温度测量器
WINTER_FOOD1	Gingerbread Cookie	姜饼人
WINTER_FOOD2	Sugar Cookie	糖屑曲奇
WINTER_FOOD3	Candy Cane	糖果手杖
WINTER_FOOD4	Eternal Fruitcake	维多利亚面包
WINTER_FOOD5	Chocolate Log Cake	巧克力木头蛋糕
WINTER_FOOD6	Plum Pudding	干果布丁
WINTER_FOOD7	Apple Cider	苹果酒
WINTER_FOOD8	Hot Cocoa	热可可
WINTER_FOOD9	Heavenly Eggnog	神圣的蛋奶酒
WINTER_ORNAMENT	Festive Bauble	节日挂饰
WINTER_ORNAMENTBOSS	Magnificent Adornment	豪华装饰
WINTER_ORNAMENTLIGHT	Festive Light	紫色节日彩灯
WINTER_TREE	Winter's Feast Tree	圣诞树
WINTER_TREESTAND	Festive Tree Planter	圣诞树盆
WOLFGANG	Wolfgang	沃尔夫冈
WOODIE	Woodie	伍迪
WORM	Depths Worm	深渊蠕虫
WORMHOLE	Worm Hole	虫洞
WORMHOLE_LIMITED	Sick Worm Hole	生病的虫洞
WORMLIGHT	Glow Berry	发光浆果
WORMLIGHT_LESSER	Lesser Glow Berry	小发光浆果
WORMLIGHT_PLANT	Mysterious Plant	诡异的植物
WORM_DIRT	Dirt Mound	德特・蒙德
WORM_PLANT	Mysterious Plant	诡异的植物
WX78	WX-78	Wx78
YELLOWAMULET	Magiluminescence	魔力之光
YELLOWGEM	Yellow Gem	黄宝石
YELLOWMOONEYE	Yellow Moonlens	黄月之眼
YELLOWSTAFF	Star Caller's Staff	唤星魔杖
QUAGMIRE_FOOD_001	Loaf of Bread	面包
QUAGMIRE_FOOD_002	Potato Chips	薯片
QUAGMIRE_FOOD_003	Vegetable Soup	蔬菜汤
QUAGMIRE_FOOD_004	Jelly Sandwich	果酱三明治
QUAGMIRE_FOOD_005	Fish Stew	鱼汤
QUAGMIRE_FOOD_006	Turnip Cake	萝卜糕
QUAGMIRE_FOOD_007	Potato Pancakes	土豆煎饼
QUAGMIRE_FOOD_008	Potato Soup	土豆汤
QUAGMIRE_FOOD_009	Fishball Skewers	鱼丸串
QUAGMIRE_FOOD_010	Meatballs	肉丸
QUAGMIRE_FOOD_011	Meat Skewers	烤肉串
QUAGMIRE_FOOD_012	Stone Soup	石头汤
QUAGMIRE_FOOD_013	Croquettes	油炸饼
QUAGMIRE_FOOD_014	Roasted Vegetables	烤蔬菜
QUAGMIRE_FOOD_015	Meatloaf	烘肉卷
QUAGMIRE_FOOD_016	Carrot Soup	胡萝卜汤
QUAGMIRE_FOOD_017	Fish Pie	鱼肉馅饼
QUAGMIRE_FOOD_018	Fish and Chips	炸鱼薯条
QUAGMIRE_FOOD_019	Meat Pie	肉饼
QUAGMIRE_FOOD_020	Sliders	小汉堡
QUAGMIRE_FOOD_021	Fistfull of Jam	大把果酱
QUAGMIRE_FOOD_022	Jelly Roll	果酱卷
QUAGMIRE_FOOD_023	Carrot Cake	胡萝卜蛋糕
QUAGMIRE_FOOD_024	Garlic Mashed Potatoes	蒜香土豆泥
QUAGMIRE_FOOD_025	Garlic Bread	蒜蓉面包
QUAGMIRE_FOOD_026	Tomato Soup	西红柿汤
QUAGMIRE_FOOD_027	Sausage	香肠
QUAGMIRE_FOOD_028	Candied Fish	蜜饯鱼
QUAGMIRE_FOOD_029	Stuffed Mushroom	素瓤蘑菇
QUAGMIRE_FOOD_030	Ratatouille	蔬菜杂烩
QUAGMIRE_FOOD_031	Bruschetta	意式烤面包片
QUAGMIRE_FOOD_032	Meat Stew	炖肉
QUAGMIRE_FOOD_033	Hamburger	汉堡包
QUAGMIRE_FOOD_034	Fish Burger	鱼肉堡
QUAGMIRE_FOOD_035	Mushroom Burger	蘑菇堡
QUAGMIRE_FOOD_036	Fish Steak	鱼排
QUAGMIRE_FOOD_037	Curry	咖喱
QUAGMIRE_FOOD_038	Spaghetti And Meatballs	意式肉丸面
QUAGMIRE_FOOD_039	Lasagna	意式千层面
QUAGMIRE_FOOD_040	Poached Fish	水煮鱼
QUAGMIRE_FOOD_041	Shepherds Pie	牧羊人派
QUAGMIRE_FOOD_042	Candy	糖果
QUAGMIRE_FOOD_043	Bread Pudding	面包布丁
QUAGMIRE_FOOD_044	Waffles	华夫饼
QUAGMIRE_FOOD_045	Berry Tart	浆果挞
QUAGMIRE_FOOD_046	Macaroni and Cheese	芝士通心粉
QUAGMIRE_FOOD_047	Bagel and Fish	鱼肉百吉圈
QUAGMIRE_FOOD_048	Grilled Cheese	烤芝士三明治
QUAGMIRE_FOOD_049	Cream of Mushrooms	奶油蘑菇汤
QUAGMIRE_FOOD_050	Pierogies	波兰饺子
QUAGMIRE_FOOD_051	Manicotti	意式色拉卷筒
QUAGMIRE_FOOD_052	Cheeseburger	芝士牛肉堡
QUAGMIRE_FOOD_053	Fettuccine	意大利宽面
QUAGMIRE_FOOD_054	Onion Soup	法式洋葱汤
QUAGMIRE_FOOD_055	Breaded Cutlet	维也纳炸肉排
QUAGMIRE_FOOD_056	Creamy Fish	奶油鱼排
QUAGMIRE_FOOD_057	Pizza	披萨
QUAGMIRE_FOOD_058	Pot Roast	西式炖牛肉
QUAGMIRE_FOOD_059	Crab Cake	蟹肉饼
QUAGMIRE_FOOD_060	Steak Frites	牛排薯条
QUAGMIRE_FOOD_061	Shooter Sandwich	射手三明治
QUAGMIRE_FOOD_062	Bacon Wrapped Meat	培根裹肉
QUAGMIRE_FOOD_063	Crab Roll	蟹肉卷
QUAGMIRE_FOOD_064	Meat Wellington	惠灵顿牛肉
QUAGMIRE_FOOD_065	Crab Ravioli	意大利蟹肉饺
QUAGMIRE_FOOD_066	Caramel Cube	方块焦糖
QUAGMIRE_FOOD_067	Scone	司康饼
QUAGMIRE_FOOD_068	Trifle	查佛蛋糕
QUAGMIRE_FOOD_069	Cheesecake	芝士蛋糕
